title,text,label
"Scientists discover new planet in habitable zone","Astronomers at NASA have confirmed the discovery of a rocky exoplanet orbiting within the habitable zone of a nearby red dwarf star. The planet, designated Kepler-442b, shows promising signs of atmospheric conditions that could support liquid water on its surface.",0
"Aliens secretly running the government, says whistleblower","A mysterious anonymous whistleblower claims that extraterrestrial beings have been living among us and secretly controlling world governments for centuries. No evidence was provided to support these extraordinary claims.",1
"Stock market reaches all-time high amid economic recovery","The S&P 500 index closed at a record high today as investor confidence grows following strong quarterly earnings reports from major corporations. Analysts attribute the surge to improved consumer spending and job market growth.",0
"Miracle weight loss pill cures all diseases overnight","A newly discovered supplement promises instant weight loss and cures over 200 diseases overnight. Doctors warn that no such medication exists and this is clearly fraudulent advertising targeting vulnerable consumers.",1
"New study reveals benefits of Mediterranean diet","Researchers at Harvard University published findings showing that adherence to a Mediterranean diet reduces cardiovascular disease risk by 30 percent. The 10-year study followed 12000 participants across multiple countries.",0
"Government plans to microchip citizens through vaccines","Conspiracy theorists spread claims that the government intends to implant tracking microchips through mandatory vaccination programs. Health officials have repeatedly debunked this baseless claim.",1
"Tech company announces revolutionary AI chip","Leading semiconductor manufacturer unveiled its latest artificial intelligence processor that delivers 10x performance improvement for machine learning workloads. The chip is expected to ship in Q3 of next year.",0
"Chocolate cake cures cancer according to secret study","An unverified report claims that eating chocolate cake daily can completely cure cancer. The so-called study was not published in any reputable journal and has been dismissed by oncologists worldwide.",1
"University research team develops promising cancer treatment","Scientists at Stanford University have developed a novel immunotherapy approach that shows significant promise in early clinical trials for treating aggressive forms of breast cancer. Phase 2 trials are scheduled to begin next year.",0
"Eating bananas causes instant death warns fake doctor","A fake medical professional claims on social media that eating more than two bananas per day leads to immediate organ failure. This claim has absolutely no scientific basis and is completely false.",1
"Global renewable energy investment reaches record levels","International Energy Agency reports that global investment in renewable energy surpassed 500 billion dollars last year driven by falling solar panel costs and government incentives worldwide.",0
"5G towers are mind control devices says viral post","A viral social media post claims that 5G cellular towers are actually government mind control devices. Scientists and telecommunications experts confirm that 5G technology is completely safe and essential for modern communication.",1
"Central bank announces stable interest rate policy","The Federal Reserve held interest rates steady citing balanced economic conditions. Chairman noted that inflation remains near the 2 percent target while unemployment continues to fall.",0
"Water fluoridation is a government conspiracy to poison citizens","Anti-fluoridation activists claim that adding fluoride to drinking water is a secret government plot to poison the population. Numerous studies have confirmed that water fluoridation at recommended levels is safe and effective for dental health.",1
"Breakthrough in quantum computing achieved by research team","IBM researchers demonstrated a quantum processor that achieved quantum advantage solving a complex optimization problem that would take classical supercomputers thousands of years to complete.",0
"Electromagnetic waves from phones cause immediate brain damage","A widely shared article claims that using mobile phones causes immediate and severe brain damage. Peer-reviewed research shows no conclusive evidence of such acute effects from normal phone usage.",1
"New电动汽车breaks range record with 1000 mile charge","A revolutionary electric vehicle prototype achieved over 1000 miles on a single charge using next-generation solid-state battery technology. The manufacturer plans to bring the technology to production vehicles within three years.",0
"Celebrity secretly alien reptile shapeshifter exposed","An absurd conspiracy theory claims that a well-known celebrity is actually an alien reptile shapeshifter. This claim originates from debunked conspiracy websites and has zero basis in reality.",1
"Economic indicators suggest strong job market recovery","The Bureau of Labor Statistics reported that 350000 jobs were added last month exceeding analyst expectations. The unemployment rate dropped to 3.4 percent its lowest level in over 50 years.",0
"Free money giveaway from the government just send your bank details","Scammers circulate messages claiming the government is giving away free money and ask people to provide their banking information. This is a well-known phishing scam and should be ignored.",1
"Climate scientists publish comprehensive global warming report","A coalition of 200 scientists published a comprehensive assessment of climate change impacts noting that global temperatures have risen 1.1 degrees Celsius since pre-industrial times. The report calls for urgent action to reduce emissions.",0
"Drinking bleach kills all viruses instantly","Dangerous misinformation circulating online claims that drinking bleach or household cleaning products can kill viruses. This is extremely dangerous and can cause severe injury or death. Never ingest cleaning products.",1
"New fossil discovery rewrites understanding of dinosaur evolution","Paleontologists in Montana uncovered a complete fossil of a previously unknown dinosaur species that bridges the gap between theropods and early birds. The discovery challenges existing theories about avian evolution.",0
"Hollow earth theory proven by government scientists","A conspiracy theory claims that government scientists have proven the earth is hollow and inhabited by an advanced civilization. This contradicts all established geological and physical evidence about our planet.",1
"Major pharmaceutical company develops effective Alzheimer treatment","A leading pharmaceutical company announced positive Phase 3 trial results for a new Alzheimer drug that showed significant improvement in cognitive function and slowed disease progression by 35 percent.",0
"Telepathy is real proves leaked classified document","A fabricated document circulating online claims that government research has proven telepathy is real. No credible scientific evidence supports the existence of telepathy and no such classified document exists.",1
"Agricultural innovation improves crop yields for small farmers","New drought-resistant crop varieties developed through conventional breeding techniques have shown 40 percent higher yields in field trials across sub-Saharan Africa. The innovation could help address food security challenges.",0
"Sunscreen causes more skin cancer than it prevents","A misleading article claims that sunscreen chemicals actually cause more cancer than they prevent. Dermatologists confirm that proper sunscreen use significantly reduces skin cancer risk when applied correctly.",1
"Mars colonization mission receives full government funding","NASA and SpaceX jointly announced that their collaborative Mars mission has received full funding from Congress. The mission aims to establish the first permanent human settlement on Mars by 2035.",0
"Secret government weather control machine causes natural disasters","A conspiracy theory claims that governments possess secret machines capable of causing hurricanes earthquakes and tsunamis. Scientists confirm that natural weather phenomena are driven by natural atmospheric and geological processes.",1
"Artificial intelligence helps discover new antibiotics","Machine learning algorithms identified a powerful new antibiotic compound effective against drug-resistant bacteria. The discovery demonstrates how AI can accelerate pharmaceutical research and combat antimicrobial resistance.",0
"Moon landing was filmed in Hollywood studio claim debunked again","Despite repeated debunking conspiracy theorists continue to claim the Apollo moon landings were faked in a Hollywood studio. Photographic evidence physical samples and independent verification from multiple countries confirm the landings were real.",1
"Ocean cleanup initiative removes 10000 tons of plastic from Pacific","An international environmental project successfully removed over 10000 tons of plastic waste from the Great Pacific Garbage Patch using innovative autonomous cleanup vessels. The project aims to remove 50 percent of the patch by 2030.",0
"Fluoride in toothpaste turns people into obedient zombies","Absurd claims suggest that fluoride added to toothpaste has mind-control properties that make people more obedient. There is absolutely no scientific evidence for any such effect and this claim is pure fiction.",1
"Research breakthrough could lead to room temperature superconductor","Materials scientists at MIT announced a breakthrough in superconductivity research achieving zero electrical resistance at temperatures significantly higher than previously possible. The discovery could revolutionize power transmission technology.",0
"Drinking urine boosts immune system claims wellness influencer","A social media wellness influencer promotes drinking urine as a health remedy. Medical professionals strongly warn against this practice as urine contains waste products and bacteria that can cause serious health problems.",1
"Autonomous vehicle technology passes comprehensive safety tests","A leading autonomous vehicle company announced that its self-driving technology passed all federal safety requirements and achieved a perfect score in extensive road testing across diverse weather conditions.",0
"Vaccines contain microchips for government surveillance exposed","Recurring conspiracy theory claims that vaccines contain surveillance microchips. Multiple independent analyses of vaccine contents by scientists worldwide have confirmed that vaccines contain only approved medical ingredients and nothing else.",1
"Deep sea exploration reveals previously unknown ecosystems","Marine biologists discovered thriving ecosystems around hydrothermal vents at record depths in the Mariana Trench. The discovery includes several new species of extremophile organisms that thrive without sunlight.",0
"Airplane contrails are chemical weapons sprayed on citizens","A conspiracy theory claims that the vapor trails left by airplanes are actually chemical weapons being sprayed on the population. Scientists explain that contrails are simply condensed water vapor that forms when hot engine exhaust meets cold air at high altitudes.",1
"Gene therapy shows promising results for treating sickle cell disease","Clinical trials of a new gene therapy for sickle cell disease showed that 90 percent of patients were free of pain crises for over a year after treatment. The therapy uses CRISPR gene editing to correct the genetic mutation causing the disease.",0
"Earth is flat and all space agencies are part of a global deception","Flat earth conspiracy theorists claim that all space agencies including NASA ESA and others are part of a massive conspiracy to hide the true shape of the earth. Satellite imagery GPS technology and countless scientific observations confirm the earth is a sphere.",1
"Quantum internet prototype achieves unhackable communication","Researchers successfully demonstrated a quantum internet prototype that uses quantum encryption to achieve theoretically unhackable communication. The technology leverages quantum entanglement to detect any eavesdropping attempts.",0
"Global warming is hoaxed by scientists for grant money","Climate change deniers claim that scientists fabricate climate data to secure research funding. Multiple independent datasets from different countries and organizations all confirm the same warming trend, making widespread fraud virtually impossible.",1
"Robotic surgery system performs first fully autonomous operation","A next-generation surgical robot successfully performed the first fully autonomous surgery removing a tumor with precision exceeding that of human surgeons. The procedure was monitored by human doctors throughout.",0
"Airplane oxygen masks release sedatives to control passengers","A conspiracy theory claims that airplane oxygen masks deploy chemical sedatives to keep passengers docile during emergencies. Aviation experts confirm oxygen masks provide supplemental oxygen and contain nothing else.",1
"Renewable energy now cheaper than fossil fuels worldwide","International renewable energy cost analysis reveals that solar and wind power are now the cheapest sources of new electricity generation in most countries. The cost of solar energy has dropped by 90 percent over the past decade.",0
"Moon is a hollow alien spacecraft placed in orbit","Conspiracy theorists claim the moon is actually a hollow artificial structure built by aliens and placed in orbit around earth. Seismological data and other scientific evidence conclusively demonstrate that the moon is a natural solid body.",1
"Biodegradable plastic alternative made from seaweed developed","Scientists developed a fully biodegradable plastic alternative made from seaweed that decomposes naturally within weeks. The innovation could significantly reduce ocean plastic pollution and help address the global waste crisis.",0
"Drinking warm water with lemon cures COVID-19 instantly","False claims circulating online suggest that drinking warm water with lemon can cure COVID-19. While staying hydrated is important for general health there is no evidence that any beverage can cure viral infections.",1
"New high-speed rail line cuts travel time between major cities","A newly completed high-speed rail connection reduces travel time between two major metropolitan areas from six hours to just ninety minutes. The project is expected to boost economic development along the corridor.",0
"Smartphone screens emit radiation that controls your thoughts","A false claim suggests that the radiation from smartphone screens can control people thoughts and behavior. Phone screens emit only visible light and low levels of blue light which cannot influence cognitive function.",1
"Ocean temperatures hit record highs threatening marine ecosystems","NOAA scientists reported that ocean surface temperatures reached unprecedented highs this year raising concerns about coral bleaching and disruption of marine food chains. The warming is attributed to climate change and El Nino conditions.",0
"Anti-gravity device invented but suppressed by oil companies","A conspiracy theory claims that working anti-gravity technology exists but is being suppressed by petroleum companies to maintain their dominance. No such technology exists as it would violate fundamental laws of physics.",1
"Neural interface device allows direct brain-to-computer communication","A neurotechnology company successfully tested a brain-computer interface that allows paralyzed patients to control computers using only their thoughts. The device translates neural signals into digital commands with 95 percent accuracy.",0
"Magnetic water can cure all ailments according to pseudoscience","Pseudoscientific claims suggest that magnetized water has special healing properties. Medical scientists confirm that water cannot be magnetized in any meaningful way and drinking magnetic water has no health benefits whatsoever.",1
"Gene editing breakthrough could eliminate hereditary diseases","Scientists achieved a major milestone in CRISPR gene editing successfully correcting genetic mutations responsible for several hereditary conditions in laboratory trials. The technique shows promise for eventually treating diseases like cystic fibrosis.",0
"Secret document reveals earth will be destroyed by asteroids in 2025","Fabricated doomsday claims predict imminent asteroid destruction of earth. NASA planetary defense experts confirm there are no known asteroids on a collision course with earth for at least the next century.",1
"AI-powered early warning system detects wildfires before they spread","A new artificial intelligence system analyzes satellite imagery weather data and ground sensors to predict wildfire risk up to 48 hours before ignition. The system has already been deployed in California and Australia.",0
"Chemtrails contain mind-altering substances says conspiracy theorist","The persistent conspiracy theory claims that airplane contrails contain secret chemicals for mind control. Atmospheric scientists have repeatedly explained that contrails are simply water vapor condensation and pose no health risks.",1
"Carbon capture technology removes millions of tons of CO2 from atmosphere","A breakthrough carbon capture facility demonstrated the ability to remove 4 million tons of CO2 from the atmosphere annually. The technology uses direct air capture and mineral storage to permanently sequester greenhouse gases.",0
"Government controlling weather through HAARP conspiracy theory exposed","Conspiracy theorists claim the HAARP research facility in Alaska can control weather patterns worldwide. Scientists explain that HAARP is a research tool for studying the ionosphere and has no ability to control or manipulate weather.",1
"Worldwide literacy rates reach highest levels in human history","UNESCO reported that global literacy rates have reached their highest levels ever with over 87 percent of adults now able to read and write. Significant improvements were noted in developing regions particularly among women.",0
"Instant manifestation technique proves Law of Attraction works","A viral video claims that a secret technique can make you instantly manifest any desire you want. This pseudoscientific concept has no basis in physics or any other branch of science and is purely wishful thinking.",1
"Smart grid technology revolutionizes energy distribution","A new smart grid system uses AI and IoT sensors to optimize electricity distribution reducing energy waste by 25 percent. The technology automatically balances supply and demand across the entire electrical network.",0
"Dead celebrities are still alive living in secret underground cities","A bizarre conspiracy theory claims that famous deceased individuals are actually alive and living in underground cities. There is no evidence whatsoever to support this claim and it contradicts well-documented mortality records.",1
"Desalination breakthrough provides affordable clean water for millions","Engineers developed a new desalination membrane that purifies seawater at one tenth the cost of current technology. The innovation could help address the global water crisis affecting billions of people in arid regions.",0
"Moon is made of cheese claims ancient manuscript authenticity questioned","An obviously false claim suggests that recently discovered ancient texts prove the moon is made of cheese. The moon composition is well established through geological analysis of moon rocks returned by Apollo missions.",1
"Electric cars now outperform gasoline vehicles in every category","New electric vehicle models demonstrate superior performance in range acceleration and total cost of ownership compared to traditional gasoline vehicles. Industry analysts predict electric vehicles will dominate sales by 2028.",0
"Hollow moon theory claims moon is artificial alien construct","Conspiracy theorists point to certain lunar features as evidence that the moon is an artificial structure built by an advanced alien civilization. Seismic data and geological analysis confirm the moon is a naturally occurring celestial body.",1
"Personalized medicine revolution promises targeted cancer treatments","Advances in genomic sequencing and AI analysis enable doctors to create highly personalized cancer treatment plans based on individual tumor genetics. Early results show improved survival rates for previously hard-to-treat cancers.",0
"Bigfoot sightings prove ancient species still roams forests","Despite decades of claimed sightings there is no verified scientific evidence that Bigfoot or any similar creature exists. All purported evidence has been debunked as hoaxes misidentification or optical illusions.",1
"Wireless charging technology powers devices across entire rooms","A new wireless charging system can power electronic devices throughout an entire room without any physical connection. The technology uses focused radio waves to deliver targeted energy to compatible devices.",0
"Chemical trails from planes cause crop failure worldwide","Conspiracy theorists claim that chemicals deliberately sprayed from airplanes are responsible for crop failures around the world. Agricultural scientists attribute crop variations to weather patterns pests and farming practices not aerial spraying.",1
"Lab-grown meat receives full regulatory approval for commercial sale","Regulatory authorities granted full commercial approval for cell-cultured meat products. The lab-grown meat industry claims its products use 95 percent less land and 78 percent less water than traditional livestock farming.",0
"Governments hiding evidence of underwater alien bases","A conspiracy theory claims that governments are concealing evidence of alien bases located on the ocean floor. No credible evidence supports this claim and ocean exploration data is freely available to the scientific community.",1
"Self-healing concrete could save billions in infrastructure costs","Scientists developed a self-healing concrete that uses embedded bacteria to automatically repair cracks. The innovation could dramatically reduce infrastructure maintenance costs and extend the lifespan of buildings and bridges.",0
"Holographic moon projection theory gains online traction","A baseless theory claims that the moon is actually a holographic projection rather than a physical object. This claim contradicts centuries of astronomical observation and the physical evidence from lunar exploration missions.",1
"CRISPR technology enables creation of disease-resistant crops","Agricultural scientists used CRISPR gene editing to develop crop varieties resistant to major diseases including wheat blight and rice blast. The modified crops show up to 60 percent higher yields in disease-prone environments.",0
"Solar flares will destroy all electronics in major conspiracy claim","Alarmist claims suggest that an upcoming solar flare will destroy all electronic devices worldwide. Space weather experts confirm that while solar flares can affect some technology modern power grids and electronics have appropriate shielding.",1
"Advanced prosthetic limbs restore near-natural movement for amputees","A robotics company unveiled a next-generation prosthetic limb that uses neural interfaces to restore near-natural movement and sensation. Users report the prosthetic feels almost identical to a biological limb.",0
"All airplane crashes are secretly orchestrated by the CIA","An extreme conspiracy theory claims that airplane crashes are deliberately orchestrated by intelligence agencies. Aviation safety authorities investigate every crash thoroughly and accidents are attributed to mechanical failures human error or weather.",1
"New battery technology promises week-long smartphone charge","Researchers developed a solid-state battery that can power a smartphone for up to one week on a single charge. The technology uses a novel lithium-sulfur chemistry that offers five times the energy density of current batteries.",0
"NASA secretly communicating with aliens on other planets","A conspiracy theory claims that NASA has established contact with alien civilizations but is keeping it secret. NASA operates transparently and any confirmed detection of extraterrestrial intelligence would be one of the biggest discoveries in human history.",1
"Vertical farming solves urban food security challenges","A new vertical farming system produces fresh vegetables year-round using 95 percent less water than conventional agriculture. The compact modular farms can be installed in urban buildings providing locally grown food to city residents.",0
" fluoride causes mass hypnosis and mind control","An unfounded claim suggests that fluoride added to water supplies causes mass hypnosis. Extensive toxicological studies confirm that fluoride at recommended levels is safe and effective for preventing tooth decay with no neurological effects.",1
"Neuromorphic chips mimic brain function for ultra-efficient computing","Intel and IBM announced neuromorphic computing chips that mimic the structure and function of biological neurons. The chips consume 1000 times less energy than traditional processors for certain AI workloads.",0
"Chemtrails are weaponized for population control conspiracy","A persistent conspiracy theory claims that airplane trails contain harmful chemicals deliberately dispersed for population control. Scientific analysis of air and water samples consistently shows no evidence of any such chemical weapons.",1
"Deep ocean mining could provide unlimited clean energy source","Scientists discovered massive deposits of rare earth minerals on the deep ocean floor that could be used to build next-generation batteries and clean energy technology. Environmental concerns about deep sea mining remain significant.",0
"Flat earth documentary proves conspiracy through flawed logic","A conspiracy documentary claims to prove the earth is flat using selectively presented observations and flawed physics. Every claim in the documentary has been thoroughly debunked by scientists using rigorous experimental methods.",1
"Solid-state batteries eliminate electric vehicle range anxiety","A major breakthrough in solid-state battery technology promises electric vehicles with 1000 mile range and 5 minute charging times. Multiple automakers plan to incorporate the technology in vehicles within the next three years.",0
"Fake moon landing evidence fabricated by conspiracy group","Conspiracy theorists claim to have found new evidence that the moon landings were faked. Space agencies worldwide and independent experts have thoroughly examined all such claims and found them to be based on misunderstandings of photography and physics.",1
"Smart cities initiative improves quality of life for residents","A major city implemented a comprehensive smart city system using IoT sensors AI analytics and digital services. The initiative has reduced traffic congestion by 30 percent improved air quality and enhanced public safety.",0
"Every disease can be cured by eating only raw vegetables claims","An extreme dietary claim suggests that eating only raw vegetables can cure every known disease. Medical professionals warn that while a balanced diet rich in vegetables is healthy exclusive raw food diets can lead to nutritional deficiencies.",1
"Advanced materials enable construction of earthquake-proof buildings","Engineers developed new metamaterials that can redirect seismic waves around buildings making structures virtually earthquake-proof. The technology has been successfully tested in earthquake simulation facilities.",0
"Conspiracy theory claims all clouds are actually holographic projections","An absurd conspiracy theory suggests that clouds are actually holographic projections created by governments. Meteorologists explain that clouds form naturally through water vapor condensation following well-understood atmospheric physics.",1
"Precision agriculture uses drones to optimize crop production","Farmers are increasingly using AI-powered drones to monitor crop health optimize irrigation and precisely apply fertilizers. The technology has reduced water usage by 30 percent and increased crop yields by 20 percent.",0
"Media fabricated pandemic to control population says conspiracy theorist","Despite overwhelming scientific evidence of a global pandemic conspiracy theorists claim the health crisis was fabricated. Millions of independently verified cases and deaths worldwide confirm the pandemic was real.",1
WHO approves new malaria vaccine for distribution in Africa,The World Health Organization gave prequalification approval for a new malaria vaccine developed by the University of Oxford. The vaccine showed 75 percent efficacy in clinical trials involving thousands of children across multiple African countries.,0
CDC reports significant decline in influenza cases this season,The Centers for Disease Control and Prevention reported that influenza cases dropped by 40 percent compared to previous seasons due to high vaccination uptake and continued public health measures across the United States.,0
FDA approves breakthrough gene therapy for inherited blindness,The U.S. Food and Drug Administration approved a new gene therapy treatment that restores vision in patients with a rare inherited form of blindness. Clinical trials showed improvement in 93 percent of treated patients.,0
WHO declares global health emergency officially over,The World Health Organization officially declared the end of the global health emergency stating that the pandemic no longer constitutes a public health emergency of international concern after thorough scientific review.,0
Pfizer announces positive results for new heart disease drug,Pharmaceutical company Pfizer announced that its new cardiovascular drug reduced the risk of heart attack by 35 percent in a large-scale Phase 3 clinical trial involving over 20000 patients worldwide.,0
Hospitals report record low patient admissions this quarter,Major hospital networks across the country reported a significant decrease in emergency room visits and patient admissions this quarter attributed to effective public health campaigns and improved preventive care.,0
New malaria treatment approved for use in developing nations,The World Health Organization endorsed a new artemisinin-based combination therapy for treating malaria in developing countries. The treatment costs less than two dollars per course and has shown a 98 percent cure rate.,0
Indian Space Research Organisation launches weather satellite,ISRO successfully launched a advanced meteorological satellite into geostationary orbit to improve weather forecasting accuracy and early warning capabilities for natural disasters across South Asia.,0
European Medicines Agency approves new diabetes medication,The European Medicines Agency granted marketing authorization for a novel diabetes treatment that helps patients manage blood sugar levels more effectively with fewer side effects than existing medications.,0
Universities report breakthrough in Alzheimer disease research,Researchers at Johns Hopkins University published findings showing that a new drug candidate reduced amyloid plaque buildup in Alzheimer patients by 60 percent and improved cognitive test scores in early-stage patients.,0
